{
  "meta_title": "",
  "meta_description": "",
  "sections": [
    {
      "type": "custom-html",
      "html": "<meta name=\"p:domain_verify\" content=\"573b371d18834cbbcb6e02db3305fde7\"/>"
    },
    {
      "type": "banner-slider",
      "autoplay": 9000,
      "full_width": true,
      "slides": [
        {
          "start": "",
          "end": "",
          "img": "/img/uploads/banner-para-site-de-moda-ou-loja-de-roupas-minimalista-e-elegante-azul-laranja-e-branco.png",
          "mobile_img": "/img/uploads/2.png"
        },
        {
          "start": "",
          "end": "",
          "img": "/img/uploads/1.png",
          "mobile_img": "",
          "link": "https://usecaneladeema.com.br/news"
        }
      ]
    },
    {
      "type": "info-bar",
      "enabled": true
    },
    {
      "page": 1,
      "title": "NEWS",
      "shuffle": true,
      "headless": false,
      "type": "collection-shelf",
      "link": "/lancamentos",
      "limit": 12,
      "collection_id": "6364754573321213f8c92c61:categories:NEWS:/news",
      "sort": "news"
    },
    {
      "type": "dynamic-showcase",
      "load_more": true,
      "sort": "lowest_price"
    },
    {
      "type": "custom-content",
      "markdown": "<meta name=\"p:domain_verify\" content=\"573b371d18834cbbcb6e02db3305fde7\"/>"
    }
  ]
}