{
  "shipping": {
    "show": true,
    "text": "Entregamos para todo o Brasil",
    "link": ""
  },
  "installments": {
    "show": true,
    "text": "Parcele em até 10x sem juros"
  },
  "exchange": {
    "show": true,
    "text": "Em caso de duvidas chame o nosso suporte! <3",
    "link": "https://chat.whatsapp.com/K6EKrbjVSjvLQGtK0nCNit"
  },
  "promo": {
    "show": true,
    "text": "Nas compras acima de R$350,00 ganhe um óculos-de-sol! <3",
    "link": "https://chat.whatsapp.com/K6EKrbjVSjvLQGtK0nCNit"
  }
}